,link,avgRating,tMeter,fresh,ratings
0,https://www.rottentomatoes.com/m/game_of_death_2020,5.77,56.0,15,27
1,https://www.rottentomatoes.com/m/milf_2018,3.19,14.0,1,7
2,https://www.rottentomatoes.com/m/greyhound,6.49,79.0,154,195
3,https://www.rottentomatoes.com/m/we_are_little_zombies,7.71,94.0,44,47
4,https://www.rottentomatoes.com/m/the_sunlit_night,4.92,35.0,17,48
5,https://www.rottentomatoes.com/m/tito,7.0,80.0,4,5
6,https://www.rottentomatoes.com/m/widow_of_silence,7.5,90.0,9,10
7,https://www.rottentomatoes.com/m/psych_2_lassie_come_home,8.36,82.0,9,11
8,https://www.rottentomatoes.com/m/samurai_marathon,6.7,75.0,6,8
9,https://www.rottentomatoes.com/m/carmilla_2020,6.32,65.0,13,20
10,https://www.rottentomatoes.com/m/guest_of_honour,5.29,37.0,21,57
11,https://www.rottentomatoes.com/m/the_painted_bird,7.56,81.0,66,81
12,https://www.rottentomatoes.com/m/dont_be_nice,7.35,100.0,10,10
13,https://www.rottentomatoes.com/m/volition,6.38,88.0,21,24
14,https://www.rottentomatoes.com/m/dirt_music_2019,4.69,28.0,9,32
15,https://www.rottentomatoes.com/m/first_cow,8.43,95.0,122,128
16,https://www.rottentomatoes.com/m/blessed_child,6.31,86.0,6,7
17,https://www.rottentomatoes.com/m/relic_2020,7.65,92.0,141,154
18,https://www.rottentomatoes.com/m/palm_springs_2020,8.06,94.0,159,170
19,https://www.rottentomatoes.com/m/enter_the_fat_dragon_2020,6.0,64.0,7,11
20,https://www.rottentomatoes.com/m/animation_outlaws,8.0,100.0,6,6
21,https://www.rottentomatoes.com/m/archive,6.98,74.0,17,23
22,https://www.rottentomatoes.com/m/the_old_guard,6.5,80.0,186,232
23,https://www.rottentomatoes.com/m/flannery,6.78,77.0,17,22
24,https://www.rottentomatoes.com/m/ode_to_passion,4.75,33.0,2,6
25,https://www.rottentomatoes.com/m/money_plane,3.94,25.0,3,12
26,https://www.rottentomatoes.com/m/useless_humans,5.43,40.0,4,10
27,https://www.rottentomatoes.com/m/never_too_late_2020,5.53,46.0,6,13
28,https://www.rottentomatoes.com/m/easy_does_it,3.34,29.0,2,7
29,https://www.rottentomatoes.com/m/a_nice_girl_like_you,4.21,11.0,1,9
30,https://www.rottentomatoes.com/m/fatal_affair_2020,3.71,18.0,6,33
31,https://www.rottentomatoes.com/m/showbiz_kids,7.88,94.0,17,18
32,https://www.rottentomatoes.com/m/caniba,6.21,59.0,19,32
33,https://www.rottentomatoes.com/m/burden_2020,6.05,51.0,34,67
34,https://www.rottentomatoes.com/m/what_she_said_the_art_of_pauline_kael,6.87,88.0,57,65
35,https://www.rottentomatoes.com/m/stardog_and_turbocat,5.08,50.0,5,10
36,https://www.rottentomatoes.com/m/knives_out,8.3,97.0,432,446
37,https://www.rottentomatoes.com/m/mope,6.28,53.0,9,17
38,https://www.rottentomatoes.com/m/the_short_history_of_the_long_road,7.0,89.0,25,28
39,https://www.rottentomatoes.com/m/you_dont_nomi,7.08,89.0,67,75
40,https://www.rottentomatoes.com/m/seahorse_the_dad_who_gave_birth_2019,7.6,100.0,16,16
41,https://www.rottentomatoes.com/m/this_teacher,8.5,100.0,7,7
42,https://www.rottentomatoes.com/m/babyteeth,7.62,92.0,93,101
43,https://www.rottentomatoes.com/m/black_ops_2020,6.62,67.0,6,9
44,https://www.rottentomatoes.com/m/exit_plan,5.16,38.0,10,26
45,https://www.rottentomatoes.com/m/miss_juneteenth,7.69,99.0,94,95
46,https://www.rottentomatoes.com/m/lost_in_america_2020,8.0,100.0,7,7
47,https://www.rottentomatoes.com/m/the_king_of_staten_island,6.84,73.0,188,258
48,https://www.rottentomatoes.com/m/ghosts_of_war,4.66,36.0,13,36
49,https://www.rottentomatoes.com/m/i_am_vengeance_retaliation,5.15,44.0,4,9
50,https://www.rottentomatoes.com/m/shoot_to_marry,6.81,75.0,12,16
51,https://www.rottentomatoes.com/m/return_to_hardwick,7.62,100.0,5,5
52,https://www.rottentomatoes.com/m/two_heads_creek,7.38,90.0,9,10
53,https://www.rottentomatoes.com/m/think_like_a_dog,6.07,70.0,7,10
54,https://www.rottentomatoes.com/m/the_dinner_party_2020,3.86,38.0,5,13
55,https://www.rottentomatoes.com/m/the_candy_witch,4.71,17.0,1,6
56,https://www.rottentomatoes.com/m/infamous_2020,4.45,22.0,6,27
57,https://www.rottentomatoes.com/m/the_departure_2020,3.95,50.0,3,6
58,https://www.rottentomatoes.com/m/manchild_the_schea_cotton_story,7.75,100.0,5,5
59,https://www.rottentomatoes.com/m/the_soul_collector_2020,6.46,73.0,8,11
60,https://www.rottentomatoes.com/m/daddy_issues_2020,4.12,0.0,0,7
61,https://www.rottentomatoes.com/m/feel_the_beat,5.33,46.0,6,13
62,https://www.rottentomatoes.com/m/you_should_have_left,4.94,41.0,43,106
63,https://www.rottentomatoes.com/m/the_pollinators,6.25,75.0,6,8
64,https://www.rottentomatoes.com/m/the_price_of_desire,4.69,25.0,3,12
65,https://www.rottentomatoes.com/m/the_infiltrators,7.28,87.0,27,31
66,https://www.rottentomatoes.com/m/premature_2020,7.73,92.0,46,50
67,https://www.rottentomatoes.com/m/judy_and_punch,6.62,79.0,103,131
68,https://www.rottentomatoes.com/m/diana_kennedy_nothing_fancy,7.89,100.0,33,33
69,https://www.rottentomatoes.com/m/olympic_dreams,6.08,70.0,33,47
70,https://www.rottentomatoes.com/m/feral_2020,7.9,100.0,12,12
71,https://www.rottentomatoes.com/m/lucky_grandma,7.45,96.0,45,47
72,https://www.rottentomatoes.com/m/and_then_we_danced,7.82,93.0,75,81
73,https://www.rottentomatoes.com/m/end_of_sentence,7.23,92.0,48,52
74,https://www.rottentomatoes.com/m/the_high_note,6.08,69.0,113,163
75,https://www.rottentomatoes.com/m/jesus_shows_you_the_way_to_the_highway,7.53,100.0,12,12
76,https://www.rottentomatoes.com/m/chameleon_2019,6.34,100.0,11,11
77,https://www.rottentomatoes.com/m/military_wives,6.26,76.0,85,112
78,https://www.rottentomatoes.com/m/shirley_2020,7.49,87.0,166,190
79,https://www.rottentomatoes.com/m/the_painter_and_the_thief,8.1,96.0,78,81
80,https://www.rottentomatoes.com/m/the_man_standing_next,7.88,75.0,6,8
81,https://www.rottentomatoes.com/m/the_dalai_lama_scientist,6.57,88.0,22,25
82,https://www.rottentomatoes.com/m/i_will_make_you_mine,6.97,100.0,18,18
83,https://www.rottentomatoes.com/m/villain_2020,6.23,74.0,17,23
84,https://www.rottentomatoes.com/m/aka_jane_roe,6.82,88.0,14,16
85,https://www.rottentomatoes.com/m/survive_the_night_2020,4.01,15.0,2,13
86,https://www.rottentomatoes.com/m/inheritance_2020,4.31,25.0,13,52
87,https://www.rottentomatoes.com/m/screened_out,6.43,82.0,14,17
88,https://www.rottentomatoes.com/m/dreamland_2020,5.82,50.0,16,32
89,https://www.rottentomatoes.com/m/the_trip_to_greece,7.2,87.0,96,110
90,https://www.rottentomatoes.com/m/debt_collectors,5.92,82.0,9,11
91,https://www.rottentomatoes.com/m/the_collini_case,7.47,82.0,9,11
92,https://www.rottentomatoes.com/m/the_accompanist,3.34,0.0,0,6
93,https://www.rottentomatoes.com/m/a_clear_shot,3.72,0.0,0,7
94,https://www.rottentomatoes.com/m/hammer_2019,6.83,79.0,23,29
95,https://www.rottentomatoes.com/m/becky_2020,5.84,70.0,70,100
96,https://www.rottentomatoes.com/m/scoob,5.21,49.0,68,140
97,https://www.rottentomatoes.com/m/valley_girl_2020,5.77,55.0,27,49
98,https://www.rottentomatoes.com/m/capone_2020,4.89,41.0,52,126
99,https://www.rottentomatoes.com/m/working_man,7.32,92.0,36,39
100,https://www.rottentomatoes.com/m/driveways,8.03,100.0,66,66
101,https://www.rottentomatoes.com/m/porno_2020,6.34,81.0,35,43
102,https://www.rottentomatoes.com/m/rewind_2020,8.47,100.0,41,41
103,https://www.rottentomatoes.com/m/the_traitor_2020,7.06,84.0,82,98
104,https://www.rottentomatoes.com/m/better_days_2019,8.17,100.0,13,13
105,https://www.rottentomatoes.com/m/a_good_woman_is_hard_to_find,7.31,92.0,45,49
106,https://www.rottentomatoes.com/m/castle_in_the_ground,6.44,65.0,24,37
107,https://www.rottentomatoes.com/m/greed_2020,5.51,47.0,66,140
108,https://www.rottentomatoes.com/m/how_to_build_a_girl,6.57,81.0,101,125
109,https://www.rottentomatoes.com/m/sweetness_in_the_belly,6.56,40.0,4,10
110,https://www.rottentomatoes.com/m/intrigo_dear_agnes,4.0,40.0,2,5
111,https://www.rottentomatoes.com/m/blue_story,7.01,91.0,31,34
112,https://www.rottentomatoes.com/m/angelfish_2019,7.18,86.0,12,14
113,https://www.rottentomatoes.com/m/spaceship_earth_2020,6.94,87.0,92,106
114,https://www.rottentomatoes.com/m/i_love_you_stupid,5.46,62.0,5,8
115,https://www.rottentomatoes.com/m/arkansas,5.55,47.0,29,62
116,https://www.rottentomatoes.com/m/justice_league_dark_apokolips_war,7.75,100.0,16,16
117,https://www.rottentomatoes.com/m/the_wrong_missy,4.18,34.0,19,56
118,https://www.rottentomatoes.com/m/evil_little_things,4.0,50.0,3,6
119,https://www.rottentomatoes.com/m/blood_and_money,5.15,36.0,8,22
120,https://www.rottentomatoes.com/m/proximity_2020,4.69,39.0,9,23
121,https://www.rottentomatoes.com/m/the_bellmen,5.38,60.0,3,5
122,https://www.rottentomatoes.com/m/have_a_good_trip_adventures_in_psychedelics,5.83,58.0,15,26
123,https://www.rottentomatoes.com/m/jerry_seinfeld_23_hours_to_kill,7.04,75.0,12,16
124,https://www.rottentomatoes.com/m/18_presents,6.17,60.0,3,5
125,https://www.rottentomatoes.com/m/becoming_2020_2,7.04,93.0,68,73
126,https://www.rottentomatoes.com/m/fame_ish,6.62,83.0,5,6
127,https://www.rottentomatoes.com/m/until_the_birds_return,6.07,78.0,7,9
128,https://www.rottentomatoes.com/m/bit,7.17,90.0,9,10
129,https://www.rottentomatoes.com/m/to_the_stars,6.61,81.0,47,58
130,https://www.rottentomatoes.com/m/pahokee,7.56,100.0,22,22
131,https://www.rottentomatoes.com/m/circus_of_books,7.75,98.0,53,54
132,https://www.rottentomatoes.com/m/bull_2020,7.32,91.0,77,85
133,https://www.rottentomatoes.com/m/beanpole,7.78,91.0,81,89
134,https://www.rottentomatoes.com/m/deerskin,7.19,87.0,85,98
135,https://www.rottentomatoes.com/m/the_flood_2019,6.42,68.0,25,37
136,https://www.rottentomatoes.com/m/robert_the_bruce,5.01,44.0,23,52
137,https://www.rottentomatoes.com/m/1br,6.78,87.0,52,60
138,https://www.rottentomatoes.com/m/the_wretched_2020,6.27,75.0,77,103
139,https://www.rottentomatoes.com/m/bad_education_2019,7.71,93.0,129,138
140,https://www.rottentomatoes.com/m/endings_beginnings,5.12,41.0,26,64
141,https://www.rottentomatoes.com/m/tammys_always_dying,6.25,75.0,24,32
142,https://www.rottentomatoes.com/m/true_history_of_the_kelly_gang,6.91,79.0,121,153
143,https://www.rottentomatoes.com/m/witches_in_the_woods,5.5,50.0,3,6
144,https://www.rottentomatoes.com/m/capital_in_the_twenty_first_century,7.65,94.0,33,35
145,https://www.rottentomatoes.com/m/the_photograph_2020,6.57,74.0,79,107
146,https://www.rottentomatoes.com/m/vanilla_2020,6.64,87.0,13,15
147,https://www.rottentomatoes.com/m/james_vs_his_future_self,7.23,100.0,16,16
148,https://www.rottentomatoes.com/m/enemy_lines,4.56,20.0,1,5
149,https://www.rottentomatoes.com/m/extraction_2020,6.14,67.0,136,202
150,https://www.rottentomatoes.com/m/15_years,6.0,60.0,3,5
151,https://www.rottentomatoes.com/m/the_half_of_it,7.86,97.0,86,89
152,https://www.rottentomatoes.com/m/murder_to_mercy_the_cyntoia_brown_story,6.08,79.0,11,14
153,https://www.rottentomatoes.com/m/dangerous_lies_2020,4.23,25.0,7,28
154,https://www.rottentomatoes.com/m/all_day_and_a_night,5.96,56.0,19,34
155,https://www.rottentomatoes.com/m/a_secret_love,7.92,100.0,42,42
156,https://www.rottentomatoes.com/m/get_in,5.15,50.0,3,6
157,https://www.rottentomatoes.com/m/mrs_serial_killer,3.4,17.0,2,12
158,https://www.rottentomatoes.com/m/the_willoughbys,6.83,90.0,57,63
159,https://www.rottentomatoes.com/m/trolls_world_tour,6.16,70.0,102,146
160,https://www.rottentomatoes.com/m/the_rhythm_section,4.72,28.0,47,169
161,https://www.rottentomatoes.com/m/perfect_2019,3.62,15.0,2,13
162,https://www.rottentomatoes.com/m/trust_machine_the_story_of_blockchain,7.5,90.0,9,10
163,https://www.rottentomatoes.com/m/the_plagues_of_breslau,5.83,83.0,5,6
164,https://www.rottentomatoes.com/m/imaginary_order,7.2,73.0,8,11
165,https://www.rottentomatoes.com/m/why_dont_you_just_die,7.35,97.0,67,69
166,https://www.rottentomatoes.com/m/fantasy_island_2020,3.21,8.0,8,103
167,https://www.rottentomatoes.com/m/abe_2020,6.81,70.0,23,33
168,https://www.rottentomatoes.com/m/miles_davis_birth_of_the_cool,7.55,93.0,53,57
169,https://www.rottentomatoes.com/m/jump_shot_the_kenny_sailors_story,8.03,100.0,14,14
170,https://www.rottentomatoes.com/m/stray_dolls,6.27,71.0,17,24
171,https://www.rottentomatoes.com/m/underwater_2020,5.2,48.0,97,204
172,https://www.rottentomatoes.com/m/sea_fever_2020,6.86,86.0,85,99
173,https://www.rottentomatoes.com/m/no_small_matter,8.5,100.0,10,10
174,https://www.rottentomatoes.com/m/we_summon_the_darkness,5.87,69.0,44,64
175,https://www.rottentomatoes.com/m/butt_boy,6.22,71.0,40,56
176,https://www.rottentomatoes.com/m/sergio_2020,5.48,43.0,20,46
177,https://www.rottentomatoes.com/m/man_camp_2020,6.75,100.0,5,5
178,https://www.rottentomatoes.com/m/mortal_kombat_legends_scorpions_revenge,7.33,89.0,16,18
179,https://www.rottentomatoes.com/m/the_quarry_2020,5.23,40.0,18,45
180,https://www.rottentomatoes.com/m/bad_therapy,4.31,8.0,1,12
181,https://www.rottentomatoes.com/m/soundwave,6.25,85.0,17,20
182,https://www.rottentomatoes.com/m/the_lost_husband,6.11,58.0,11,19
183,https://www.rottentomatoes.com/m/tape_2020,5.55,61.0,14,23
184,https://www.rottentomatoes.com/m/behind_you,4.12,7.0,1,14
185,https://www.rottentomatoes.com/m/tigertail,6.98,80.0,60,75
186,https://www.rottentomatoes.com/m/the_main_event_2020,4.97,26.0,5,19
187,https://www.rottentomatoes.com/m/school_life_2020,5.44,88.0,7,8
188,https://www.rottentomatoes.com/m/rising_high,4.85,33.0,3,9
189,https://www.rottentomatoes.com/m/bad_boys_for_life,6.22,77.0,197,257
190,https://www.rottentomatoes.com/m/sonic_the_hedgehog_2020,5.78,62.0,144,231
191,https://www.rottentomatoes.com/m/shes_allergic_to_cats,5.79,85.0,11,13
192,https://www.rottentomatoes.com/m/the_last_full_measure,6.11,60.0,42,70
193,https://www.rottentomatoes.com/m/what_you_gonna_do_when_the_worlds_on_fire,6.99,87.0,41,47
194,https://www.rottentomatoes.com/m/i_still_believe,5.59,50.0,22,44
195,https://www.rottentomatoes.com/m/it_started_as_a_joke,7.04,100.0,10,10
196,https://www.rottentomatoes.com/m/strike_2020,6.5,83.0,5,6
197,https://www.rottentomatoes.com/m/slay_the_dragon,7.72,100.0,45,45
198,https://www.rottentomatoes.com/m/portrait_of_a_lady_on_fire,8.99,98.0,289,296
199,https://www.rottentomatoes.com/m/brahms_the_boy_ii,3.5,9.0,5,55
200,https://www.rottentomatoes.com/m/vivarium,6.6,72.0,101,141
201,https://www.rottentomatoes.com/m/almost_love,5.83,68.0,19,28
202,https://www.rottentomatoes.com/m/the_other_lamb,6.68,73.0,66,90
203,https://www.rottentomatoes.com/m/the_current_war_directors_cut,6.29,60.0,62,103
204,https://www.rottentomatoes.com/m/like_a_boss,4.13,21.0,30,146
205,https://www.rottentomatoes.com/m/the_captain_2019,5.45,75.0,6,8
206,https://www.rottentomatoes.com/m/ip_man_4_the_finale,6.62,90.0,27,30
207,https://www.rottentomatoes.com/m/never_rarely_sometimes_always,8.59,99.0,182,184
208,https://www.rottentomatoes.com/m/impractical_jokers_the_movie,4.58,35.0,9,26
209,https://www.rottentomatoes.com/m/clover_2020,4.85,28.0,5,18
210,https://www.rottentomatoes.com/m/streetlight_harmonies,7.78,100.0,9,9
211,https://www.rottentomatoes.com/m/resistance_2020,5.68,56.0,48,86
212,https://www.rottentomatoes.com/m/lazy_susan,3.81,10.0,1,10
213,https://www.rottentomatoes.com/m/close_encounters_of_the_fifth_kind_contact_has_begun,4.75,17.0,1,6
214,https://www.rottentomatoes.com/m/a_thread_of_deceit_the_hart_family_tragedy,7.38,83.0,5,6
215,https://www.rottentomatoes.com/m/uncorked_2020,6.55,93.0,42,45
216,https://www.rottentomatoes.com/m/the_decline,6.42,89.0,8,9
217,https://www.rottentomatoes.com/m/coffee_and_kareem,3.53,20.0,14,69
218,https://www.rottentomatoes.com/m/same_boat,6.06,64.0,7,11
219,https://www.rottentomatoes.com/m/love_wedding_repeat,4.86,32.0,21,66
220,https://www.rottentomatoes.com/m/shooting_heroin,5.38,44.0,4,9
221,https://www.rottentomatoes.com/m/dolittle,3.85,14.0,31,226
222,https://www.rottentomatoes.com/m/the_hunt_2020,5.81,56.0,132,236
223,https://www.rottentomatoes.com/m/just_mercy,7.05,84.0,237,283
224,https://www.rottentomatoes.com/m/seven_stages_to_achieve_eternal_bliss,7.3,62.0,10,16
225,https://www.rottentomatoes.com/m/jumanji_the_next_level,6.05,72.0,171,238
226,https://www.rottentomatoes.com/m/bloodshot_2020,4.52,30.0,47,157
227,https://www.rottentomatoes.com/m/stray_2018,8.43,100.0,9,9
228,https://www.rottentomatoes.com/m/birds_of_prey_2020,6.72,78.0,314,404
229,https://www.rottentomatoes.com/m/clemency_2019,7.82,92.0,132,143
230,https://www.rottentomatoes.com/m/onward,7.18,88.0,281,318
231,https://www.rottentomatoes.com/m/the_inventor_out_for_blood_in_silicon_valley,7.22,78.0,47,60
232,https://www.rottentomatoes.com/m/shooting_the_mafia,6.4,74.0,32,43
233,https://www.rottentomatoes.com/m/human_capital_2020,6.02,67.0,41,61
234,https://www.rottentomatoes.com/m/emma_2020,7.26,87.0,199,230
235,https://www.rottentomatoes.com/m/curtiz,6.19,57.0,4,7
236,https://www.rottentomatoes.com/m/to_your_last_death,7.11,70.0,7,10
237,https://www.rottentomatoes.com/m/the_platform,7.15,81.0,70,86
238,https://www.rottentomatoes.com/m/cunningham,7.52,88.0,52,59
239,https://www.rottentomatoes.com/m/the_song_of_names,5.29,39.0,21,54
240,https://www.rottentomatoes.com/m/the_gentlemen,6.46,75.0,192,256
241,https://www.rottentomatoes.com/m/the_way_back_2020,6.8,83.0,155,186
242,https://www.rottentomatoes.com/m/the_invisible_man_2020,7.72,91.0,349,382
243,https://www.rottentomatoes.com/m/international_falls,8.0,100.0,10,10
244,https://www.rottentomatoes.com/m/crip_camp_a_disability_revolution,8.63,100.0,83,83
245,https://www.rottentomatoes.com/m/hooking_up_2020,5.31,30.0,7,23
246,https://www.rottentomatoes.com/m/miss_fisher_and_the_crypt_of_tears,5.17,65.0,13,20
247,https://www.rottentomatoes.com/m/altered_carbon_resleeved,6.0,60.0,3,5
248,https://www.rottentomatoes.com/m/ultras,5.81,60.0,3,5
249,https://www.rottentomatoes.com/m/the_occupant_2020,6.0,64.0,14,22
250,https://www.rottentomatoes.com/m/playmobil_the_movie,3.71,17.0,10,60
251,https://www.rottentomatoes.com/m/charlies_angels_2019,5.36,52.0,117,225
252,https://www.rottentomatoes.com/m/spies_in_disguise,6.49,75.0,89,118
253,https://www.rottentomatoes.com/m/the_grudge_2020,4.16,20.0,24,120
254,https://www.rottentomatoes.com/m/the_witch_subversion,8.71,88.0,15,17
255,https://www.rottentomatoes.com/m/cats_2019,3.68,20.0,63,314
256,https://www.rottentomatoes.com/m/i_am_jonas,7.5,100.0,5,5
257,https://www.rottentomatoes.com/m/1917_2019,8.38,89.0,390,438
258,https://www.rottentomatoes.com/m/go_back_to_china,6.61,81.0,21,26
259,https://www.rottentomatoes.com/m/run_this_town,5.42,49.0,17,35
260,https://www.rottentomatoes.com/m/william_2019,5.67,42.0,5,12
261,https://www.rottentomatoes.com/m/impossible_monsters,5.25,50.0,3,6
262,https://www.rottentomatoes.com/m/swallow,7.51,88.0,98,111
263,https://www.rottentomatoes.com/m/lost_transmissions,5.94,52.0,14,27
264,https://www.rottentomatoes.com/m/only,6.22,40.0,8,20
265,https://www.rottentomatoes.com/m/little_joe,6.46,68.0,77,113
266,https://www.rottentomatoes.com/m/ghost_killers_vs_bloody_mary,4.9,50.0,3,6
267,https://www.rottentomatoes.com/m/dark_waters_2019,7.32,90.0,194,216
268,https://www.rottentomatoes.com/m/the_dark_red,6.5,78.0,7,9
269,https://www.rottentomatoes.com/m/vhyes,6.39,81.0,34,42
270,https://www.rottentomatoes.com/m/twin_murders_the_silence_of_the_white_city,4.88,40.0,2,5
271,https://www.rottentomatoes.com/m/go_karts,6.0,78.0,7,9
272,https://www.rottentomatoes.com/m/lost_girls_2020,6.03,72.0,36,50
273,https://www.rottentomatoes.com/m/superman_red_son,7.57,88.0,14,16
274,https://www.rottentomatoes.com/m/burning_dog,5.8,100.0,6,6
275,https://www.rottentomatoes.com/m/spenser_confidential,4.68,36.0,29,80
276,https://www.rottentomatoes.com/m/escape_from_pretoria,6.39,69.0,27,39
277,https://www.rottentomatoes.com/m/marcel_duchamp_the_art_of_the_possible,6.25,50.0,3,6
278,https://www.rottentomatoes.com/m/tuscaloosa,6.12,70.0,7,10
279,https://www.rottentomatoes.com/m/the_postcard_killings,4.17,24.0,5,21
280,https://www.rottentomatoes.com/m/guilty_2020,,60.0,3,5
281,https://www.rottentomatoes.com/m/frozen_ii,6.71,77.0,246,320
282,https://www.rottentomatoes.com/m/the_night_clerk_2020,5.04,36.0,16,45
283,https://www.rottentomatoes.com/m/queen_and_slim,7.42,82.0,172,210
284,https://www.rottentomatoes.com/m/uncut_gems,8.38,92.0,303,329
285,https://www.rottentomatoes.com/m/a_simple_wedding,7.14,80.0,12,15
286,https://www.rottentomatoes.com/m/kill_the_monsters,6.33,100.0,6,6
287,https://www.rottentomatoes.com/m/top_end_wedding,6.92,89.0,33,37
288,https://www.rottentomatoes.com/m/by_the_grace_of_god_2019,7.57,96.0,90,94
289,https://www.rottentomatoes.com/m/system_crasher,7.69,94.0,32,34
290,https://www.rottentomatoes.com/m/goldie,6.98,95.0,21,22
291,https://www.rottentomatoes.com/m/tread,7.33,90.0,9,10
292,https://www.rottentomatoes.com/m/standing_up_falling_down,6.8,86.0,43,50
293,https://www.rottentomatoes.com/m/after_midnight_2020,7.88,87.0,27,31
294,https://www.rottentomatoes.com/m/after_we_leave,7.5,86.0,6,7
295,https://www.rottentomatoes.com/m/black_christmas_2019,4.37,38.0,40,104
296,https://www.rottentomatoes.com/m/the_furies_2019,5.76,63.0,17,27
297,https://www.rottentomatoes.com/m/blood_on_her_name,7.23,96.0,52,54
298,https://www.rottentomatoes.com/m/pokemon_the_movie_mewtwo_strikes_back_evolution,6.0,44.0,4,9
299,https://www.rottentomatoes.com/m/ne_zha_2019,7.17,88.0,15,17
300,https://www.rottentomatoes.com/m/bombshell_2019,6.7,69.0,216,312
301,https://www.rottentomatoes.com/m/color_out_of_space,6.71,86.0,161,187
302,https://www.rottentomatoes.com/m/disappearance_at_clifton_hill,6.64,72.0,31,43
303,https://www.rottentomatoes.com/m/guns_akimbo,5.96,53.0,35,66
304,https://www.rottentomatoes.com/m/the_climbers_2019,5.5,33.0,2,6
305,https://www.rottentomatoes.com/m/richard_jewell,6.82,77.0,216,282
306,https://www.rottentomatoes.com/m/greenlight,5.89,71.0,5,7
307,https://www.rottentomatoes.com/m/spiral_farm,8.0,100.0,5,5
308,https://www.rottentomatoes.com/m/the_last_thing_he_wanted,2.94,5.0,3,55
309,https://www.rottentomatoes.com/m/all_the_bright_places,6.33,66.0,25,38
310,https://www.rottentomatoes.com/m/pete_davidson_alive_from_new_york,3.0,40.0,4,10
311,https://www.rottentomatoes.com/m/the_dare,5.33,33.0,2,6
312,https://www.rottentomatoes.com/m/a_shaun_the_sheep_movie_farmageddon,7.48,96.0,70,73
313,https://www.rottentomatoes.com/m/high_strung_free_dance,4.88,50.0,3,6
314,https://www.rottentomatoes.com/m/the_trouble_with_you,6.57,77.0,10,13
315,https://www.rottentomatoes.com/m/close_enemies_2018,6.25,58.0,7,12
316,https://www.rottentomatoes.com/m/camp_cold_brook,5.38,57.0,4,7
317,https://www.rottentomatoes.com/m/afterward,7.17,88.0,7,8
318,https://www.rottentomatoes.com/m/the_kindness_of_strangers_2019,4.36,18.0,5,28
319,https://www.rottentomatoes.com/m/serendipity_2019,7.0,77.0,10,13
320,https://www.rottentomatoes.com/m/come_as_you_are_2020,7.25,94.0,48,51
321,https://www.rottentomatoes.com/m/the_silent_war_2019,5.58,56.0,5,9
322,https://www.rottentomatoes.com/m/37_seconds,7.61,87.0,13,15
323,https://www.rottentomatoes.com/m/come_to_daddy,6.88,86.0,83,96
324,https://www.rottentomatoes.com/m/21_2020,5.0,50.0,3,6
325,https://www.rottentomatoes.com/m/first_love_2019,7.5,97.0,109,112
326,https://www.rottentomatoes.com/m/toxic_beauty,7.83,100.0,7,7
327,https://www.rottentomatoes.com/m/to_all_the_boys_ps_i_still_love_you,6.69,75.0,53,71
328,https://www.rottentomatoes.com/m/the_rest_of_us,7.33,90.0,9,10
329,https://www.rottentomatoes.com/m/waves_2019,7.76,84.0,201,238
330,https://www.rottentomatoes.com/m/the_great_alaskan_race,5.3,11.0,1,9
331,https://www.rottentomatoes.com/m/vfw,6.85,81.0,43,53
332,https://www.rottentomatoes.com/m/the_battle_of_jangsari,5.05,38.0,3,8
333,https://www.rottentomatoes.com/m/a_sun_2019,8.0,86.0,6,7
334,https://www.rottentomatoes.com/m/invasion_planet_earth,3.2,0.0,0,5
335,https://www.rottentomatoes.com/m/get_gone,2.27,0.0,0,6
336,https://www.rottentomatoes.com/m/the_coldest_game,3.5,0.0,0,5
337,https://www.rottentomatoes.com/m/miss_americana,7.35,91.0,81,89
338,https://www.rottentomatoes.com/m/horse_girl,6.28,71.0,39,55
339,https://www.rottentomatoes.com/m/waiting_for_anya,5.12,38.0,8,21
340,https://www.rottentomatoes.com/m/coda_2020,5.62,50.0,4,8
341,https://www.rottentomatoes.com/m/spy_intervention,4.22,33.0,2,6
342,https://www.rottentomatoes.com/m/love_aaj_kal_2020,4.8,21.0,3,14
343,https://www.rottentomatoes.com/m/foosballers,7.0,100.0,5,5
344,https://www.rottentomatoes.com/m/three_christs,5.17,43.0,20,46
345,https://www.rottentomatoes.com/m/my_hindu_friend,6.96,83.0,5,6
346,https://www.rottentomatoes.com/m/terminator_dark_fate,6.23,70.0,231,329
347,https://www.rottentomatoes.com/m/inherit_the_viper,5.29,45.0,9,20
348,https://www.rottentomatoes.com/m/my_name_is_myeisha,8.0,90.0,9,10
349,https://www.rottentomatoes.com/m/reality_queen,3.14,36.0,4,11
350,https://www.rottentomatoes.com/m/betty_they_say_im_different,7.9,83.0,5,6
351,https://www.rottentomatoes.com/m/intrigo_death_of_an_author,5.13,10.0,1,10
352,https://www.rottentomatoes.com/m/parasite_2019,9.37,99.0,440,446
353,https://www.rottentomatoes.com/m/give_me_liberty_2019,7.08,89.0,31,35
354,https://www.rottentomatoes.com/m/2050,4.5,20.0,1,5
355,https://www.rottentomatoes.com/m/pain_and_glory,8.28,96.0,274,284
356,https://www.rottentomatoes.com/m/the_corrupted_2020,4.83,30.0,3,10
357,https://www.rottentomatoes.com/m/mine_9,7.15,89.0,16,18
358,https://www.rottentomatoes.com/m/mrs_lowry_and_son,6.11,61.0,22,36
359,https://www.rottentomatoes.com/m/jay_and_silent_bob_reboot,6.39,66.0,25,38
360,https://www.rottentomatoes.com/m/dark_encounter,6.0,67.0,4,6
361,https://www.rottentomatoes.com/m/extracurricular,6.0,67.0,4,6
362,https://www.rottentomatoes.com/m/eye_for_an_eye_2019,7.58,88.0,7,8
363,https://www.rottentomatoes.com/m/the_sonata,5.38,48.0,12,25
364,https://www.rottentomatoes.com/m/britt_marie_was_here,6.44,70.0,14,20
365,https://www.rottentomatoes.com/m/live_twice_love_once,5.4,50.0,4,8
366,https://www.rottentomatoes.com/m/the_wave_2020,5.8,67.0,24,36
367,https://www.rottentomatoes.com/m/countdown_2019,4.09,26.0,18,70
368,https://www.rottentomatoes.com/m/the_host_2020,3.73,25.0,4,16
369,https://www.rottentomatoes.com/m/john_henry_2020,3.45,0.0,0,20
370,https://www.rottentomatoes.com/m/disturbing_the_peace_2020,3.04,20.0,4,20
371,https://www.rottentomatoes.com/m/the_murder_of_nicole_brown_simpson,1.07,0.0,0,9
372,https://www.rottentomatoes.com/m/tyler_perrys_a_fall_from_grace,3.36,17.0,4,24
373,https://www.rottentomatoes.com/m/leslie_jones_time_machine,7.67,100.0,6,6
374,https://www.rottentomatoes.com/m/speed_of_life_2019,5.82,78.0,7,9
375,https://www.rottentomatoes.com/m/a_patient_man,6.83,50.0,3,6
376,https://www.rottentomatoes.com/m/snatchers,7.38,100.0,16,16
377,https://www.rottentomatoes.com/m/gemini_man_2019,4.7,26.0,80,305
378,https://www.rottentomatoes.com/m/the_addams_family_2019,5.29,44.0,68,154
379,https://www.rottentomatoes.com/m/the_lighthouse_2019,8.04,90.0,332,369
380,https://www.rottentomatoes.com/m/melody_makers,6.25,78.0,7,9
381,https://www.rottentomatoes.com/m/welcome_to_curiosity,2.6,0.0,0,5
382,https://www.rottentomatoes.com/m/6_underground,4.59,36.0,32,90
383,https://www.rottentomatoes.com/m/maleficent_mistress_of_evil,5.09,40.0,100,251
384,https://www.rottentomatoes.com/m/joker_2019,7.23,68.0,388,567
385,https://www.rottentomatoes.com/m/zombieland_double_tap,6.2,68.0,163,241
386,https://www.rottentomatoes.com/m/the_death_and_life_of_john_f_donovan,3.69,20.0,6,30
387,https://www.rottentomatoes.com/m/in_fabric,7.43,91.0,138,151
388,https://www.rottentomatoes.com/m/to_kid_or_not_to_kid,6.81,100.0,15,15
389,https://www.rottentomatoes.com/m/barbara_rubin_and_the_exploding_ny_underground,7.54,100.0,15,15
390,https://www.rottentomatoes.com/m/judy_2019,6.94,82.0,262,321
391,https://www.rottentomatoes.com/m/wheres_my_roy_cohn,7.07,87.0,71,82
392,https://www.rottentomatoes.com/m/piranhas,5.7,58.0,19,33
393,https://www.rottentomatoes.com/m/i_see_you_2019,6.3,77.0,30,39
394,https://www.rottentomatoes.com/m/shes_missing,5.83,67.0,10,15
395,https://www.rottentomatoes.com/m/lucy_in_the_sky,4.37,21.0,26,123
396,https://www.rottentomatoes.com/m/2_in_the_bush_a_love_story_2019,6.75,100.0,5,5
397,https://www.rottentomatoes.com/m/ice_on_fire_2019,7.4,90.0,9,10
398,https://www.rottentomatoes.com/m/the_two_popes,7.34,89.0,191,214
399,https://www.rottentomatoes.com/m/imprisoned_2019,4.35,0.0,0,8
400,https://www.rottentomatoes.com/m/jexi,3.56,17.0,5,30
401,https://www.rottentomatoes.com/m/rabid_2019,5.62,55.0,17,31
402,https://www.rottentomatoes.com/m/mob_town_2019,4.38,0.0,0,9
403,https://www.rottentomatoes.com/m/code_8,6.16,79.0,15,19
404,https://www.rottentomatoes.com/m/hell_on_the_border,4.1,40.0,2,5
405,https://www.rottentomatoes.com/m/the_great_war_2019,2.1,17.0,1,6
406,https://www.rottentomatoes.com/m/john_mulaney_and_the_sack_lunch_bunch,8.65,96.0,25,26
407,https://www.rottentomatoes.com/m/ghost_stories_2020,4.5,33.0,3,9
408,https://www.rottentomatoes.com/m/the_irishman,8.77,96.0,416,434
409,https://www.rottentomatoes.com/m/freetown,6.14,50.0,6,12
410,https://www.rottentomatoes.com/m/abominable,6.67,81.0,132,163
411,https://www.rottentomatoes.com/m/ad_astra,7.54,84.0,311,371
412,https://www.rottentomatoes.com/m/edie,6.07,62.0,26,42
413,https://www.rottentomatoes.com/m/overcomer,5.79,50.0,8,16
414,https://www.rottentomatoes.com/m/daniel_isnt_real,7.14,83.0,64,77
415,https://www.rottentomatoes.com/m/a_million_little_pieces,5.02,27.0,13,48
416,https://www.rottentomatoes.com/m/freaks_2019,7.12,88.0,70,80
417,https://www.rottentomatoes.com/m/ready_or_not_2019,7.19,88.0,257,292
418,https://www.rottentomatoes.com/m/dont_let_go_2019,5.09,42.0,38,90
419,https://www.rottentomatoes.com/m/this_is_not_berlin,7.17,82.0,40,49
420,https://www.rottentomatoes.com/m/knives_and_skin,6.21,68.0,49,72
421,https://www.rottentomatoes.com/m/rambo_last_blood,3.98,27.0,45,168
422,https://www.rottentomatoes.com/m/hustlers_2019,7.3,87.0,291,334
423,https://www.rottentomatoes.com/m/after_class,6.86,83.0,10,12
424,https://www.rottentomatoes.com/m/linda_ronstadt_the_sound_of_my_voice,7.7,89.0,80,90
425,https://www.rottentomatoes.com/m/atlantics,7.89,96.0,142,148
426,https://www.rottentomatoes.com/m/i_lost_my_body,8.07,96.0,76,79
427,https://www.rottentomatoes.com/m/use_me,7.17,86.0,6,7
428,https://www.rottentomatoes.com/m/union_2019,5.21,64.0,7,11
429,https://www.rottentomatoes.com/m/marriage_story_2019,8.79,94.0,355,376
430,https://www.rottentomatoes.com/m/the_body_remembers_when_the_world_broke_open,8.22,97.0,34,35
431,https://www.rottentomatoes.com/m/qt8_the_first_eight,7.25,91.0,21,23
432,https://www.rottentomatoes.com/m/anya_2019,6.63,93.0,13,14
433,https://www.rottentomatoes.com/m/the_mandela_effect,4.0,20.0,1,5
434,https://www.rottentomatoes.com/m/a_christmas_prince_the_royal_baby,5.0,33.0,3,9
435,https://www.rottentomatoes.com/m/mike_birbiglia_the_new_one,8.1,100.0,5,5
436,https://www.rottentomatoes.com/m/most_likely_to_succeed_2019,6.83,71.0,5,7
437,https://www.rottentomatoes.com/m/dead_kids,4.5,0.0,0,5
438,https://www.rottentomatoes.com/m/olivia_2019,7.0,100.0,9,9
439,https://www.rottentomatoes.com/m/polaroid_2019,2.44,0.0,0,5
440,https://www.rottentomatoes.com/m/liyana,8.08,97.0,33,34
441,https://www.rottentomatoes.com/m/whered_you_go_bernadette,5.75,50.0,91,183
442,https://www.rottentomatoes.com/m/it_chapter_two,6.11,63.0,228,361
443,https://www.rottentomatoes.com/m/once_upon_a_time_in_hollywood,7.83,85.0,465,546
444,https://www.rottentomatoes.com/m/downton_abbey,6.89,84.0,208,247
445,https://www.rottentomatoes.com/m/tel_aviv_on_fire,6.8,90.0,54,60
446,https://www.rottentomatoes.com/m/angel_has_fallen,5.02,39.0,71,182
447,https://www.rottentomatoes.com/m/after_the_wedding_2019,5.76,45.0,69,154
448,https://www.rottentomatoes.com/m/adam_2019,6.9,74.0,17,23
449,https://www.rottentomatoes.com/m/queen_of_hearts_2019,7.29,96.0,24,25
450,https://www.rottentomatoes.com/m/if_the_dancer_dances,6.9,93.0,14,15
451,https://www.rottentomatoes.com/m/the_fare,8.38,100.0,7,7
452,https://www.rottentomatoes.com/m/crown_vic,6.22,58.0,14,24
453,https://www.rottentomatoes.com/m/cubby,6.0,73.0,8,11
454,https://www.rottentomatoes.com/m/we_believe_in_dinosaurs,6.44,91.0,10,11
455,https://www.rottentomatoes.com/m/antrum_the_deadliest_film_ever_made,6.21,73.0,8,11
456,https://www.rottentomatoes.com/m/killerman,3.35,26.0,5,19
457,https://www.rottentomatoes.com/m/the_divine_fury,5.5,44.0,8,18
458,https://www.rottentomatoes.com/m/klaus,7.59,94.0,63,67
459,https://www.rottentomatoes.com/m/earthquake_bird,5.53,50.0,20,40
460,https://www.rottentomatoes.com/m/bikram_yogi_guru_predator,6.79,96.0,22,23
461,https://www.rottentomatoes.com/m/philophobia_or_the_fear_of_falling_in_love,7.11,100.0,11,11
462,https://www.rottentomatoes.com/m/radioflash,3.75,0.0,0,11
463,https://www.rottentomatoes.com/m/the_courier_2019,2.58,6.0,1,18
464,https://www.rottentomatoes.com/m/feast_of_the_seven_fishes,6.72,88.0,14,16
465,https://www.rottentomatoes.com/m/the_shed_2019,5.69,67.0,12,18
466,https://www.rottentomatoes.com/m/night_sweats,5.1,46.0,6,13
467,https://www.rottentomatoes.com/m/a_reindeers_journey,7.4,83.0,5,6
468,https://www.rottentomatoes.com/m/the_knight_before_christmas,6.06,70.0,14,20
469,https://www.rottentomatoes.com/m/line_of_duty_2019,4.88,59.0,10,17
470,https://www.rottentomatoes.com/m/the_angry_birds_movie_2,5.73,73.0,80,109
471,https://www.rottentomatoes.com/m/47_meters_down_uncaged,4.57,44.0,39,88
472,https://www.rottentomatoes.com/m/legend_of_the_demon_cat,6.62,91.0,10,11
473,https://www.rottentomatoes.com/m/dora_and_the_lost_city_of_gold,6.49,85.0,126,149
474,https://www.rottentomatoes.com/m/luce,7.74,90.0,141,156
475,https://www.rottentomatoes.com/m/good_boys_2019,6.51,80.0,193,241
476,https://www.rottentomatoes.com/m/danger_close_2019,6.19,71.0,25,35
477,https://www.rottentomatoes.com/m/farming,5.74,55.0,17,31
478,https://www.rottentomatoes.com/m/love_is_blind_2019,4.88,40.0,2,5
479,https://www.rottentomatoes.com/m/brian_banks,5.95,61.0,43,70
480,https://www.rottentomatoes.com/m/the_farewell_2019,8.52,98.0,322,329
481,https://www.rottentomatoes.com/m/them_that_follow,6.0,59.0,54,92
482,https://www.rottentomatoes.com/m/the_art_of_racing_in_the_rain,5.15,43.0,50,117
483,https://www.rottentomatoes.com/m/official_secrets,6.89,83.0,132,159
484,https://www.rottentomatoes.com/m/the_peanut_butter_falcon,7.47,96.0,194,203
485,https://www.rottentomatoes.com/m/paradise_hills,6.27,64.0,39,61
486,https://www.rottentomatoes.com/m/adopt_a_highway,6.49,69.0,22,32
487,https://www.rottentomatoes.com/m/drive_2019,1.67,0.0,0,8
488,https://www.rottentomatoes.com/m/verotika,2.1,23.0,3,13
489,https://www.rottentomatoes.com/m/the_king_2019,6.54,71.0,99,140
490,https://www.rottentomatoes.com/m/inside_game,5.25,38.0,3,8
491,https://www.rottentomatoes.com/m/american_son_2019,5.67,48.0,12,25
492,https://www.rottentomatoes.com/m/red_letter_day,4.0,67.0,4,6
493,https://www.rottentomatoes.com/m/primal,4.23,39.0,15,38
494,https://www.rottentomatoes.com/m/cold_brook,6.33,80.0,8,10
495,https://www.rottentomatoes.com/m/badland,5.35,50.0,4,8
496,https://www.rottentomatoes.com/m/acceleration,2.67,0.0,0,6
497,https://www.rottentomatoes.com/m/bloody_marie,7.1,88.0,7,8
498,https://www.rottentomatoes.com/m/fire_in_paradise,7.5,80.0,4,5
499,https://www.rottentomatoes.com/m/holiday_in_the_wild,4.46,38.0,3,8
500,https://www.rottentomatoes.com/m/let_it_snow_2019,5.7,81.0,21,26
501,https://www.rottentomatoes.com/m/2nd_date_sex,5.0,43.0,3,7
502,https://www.rottentomatoes.com/m/the_return_of_martin_guerre,8.02,100.0,16,16
503,https://www.rottentomatoes.com/m/gebo_and_the_shadow,7.5,100.0,9,9
504,https://www.rottentomatoes.com/m/scary_stories_to_tell_in_the_dark,6.45,78.0,176,226
505,https://www.rottentomatoes.com/m/eli_2019,5.13,48.0,12,25
506,https://www.rottentomatoes.com/m/the_kitchen,4.45,23.0,52,223
507,https://www.rottentomatoes.com/m/netizens,8.25,92.0,12,13
508,https://www.rottentomatoes.com/m/girl_on_the_third_floor,6.69,84.0,31,37
509,https://www.rottentomatoes.com/m/the_dead_center,6.97,94.0,17,18
510,https://www.rottentomatoes.com/m/making_montgomery_clift,7.71,100.0,15,15
511,https://www.rottentomatoes.com/m/the_awakening_of_motti_wolkenbruch,5.31,62.0,5,8
512,https://www.rottentomatoes.com/m/rattlesnake,4.47,28.0,5,18
513,https://www.rottentomatoes.com/m/inside_lehman_brothers,5.88,83.0,5,6
514,https://www.rottentomatoes.com/m/sweetheart,7.13,94.0,33,35
515,https://www.rottentomatoes.com/m/blinded_by_the_light,7.3,89.0,222,250
516,https://www.rottentomatoes.com/m/fast_and_furious_presents_hobbs_and_shaw,6.11,67.0,226,337
517,https://www.rottentomatoes.com/m/wounds_2019,5.29,51.0,27,53
518,https://www.rottentomatoes.com/m/greener_grass,6.9,80.0,53,66
519,https://www.rottentomatoes.com/m/3_from_hell,5.36,56.0,20,36
520,https://www.rottentomatoes.com/m/emanuel,7.75,100.0,18,18
521,https://www.rottentomatoes.com/m/mary_2019,3.44,4.0,1,27
522,https://www.rottentomatoes.com/m/dolemite_is_my_name,7.96,97.0,217,223
523,https://www.rottentomatoes.com/m/the_laundromat,5.51,41.0,68,165
524,https://www.rottentomatoes.com/m/tell_me_who_i_am,7.48,97.0,34,35
525,https://www.rottentomatoes.com/m/miss_virginia,6.82,60.0,6,10
526,https://www.rottentomatoes.com/m/portals,4.38,0.0,0,11
527,https://www.rottentomatoes.com/m/seventeen_2019,6.38,82.0,9,11
528,https://www.rottentomatoes.com/m/the_gallows_act_ii,2.19,0.0,0,13
529,https://www.rottentomatoes.com/m/jenny_slate_stage_fright,8.72,100.0,14,14
530,https://www.rottentomatoes.com/m/trick_2019,3.73,33.0,9,27
531,https://www.rottentomatoes.com/m/ghosts_of_sugar_land,8.0,100.0,6,6
